{
  "max": 16.812999725341793,
  "min": -3.7279999256134033,
  "mean": 5.959670815550433,
  "variance": 12.111047623803445,
  "periodicity_lag": 1,
  "series_length": 19296,
  "frequency": "15min"
}