{
  "max": 27.92799949645996,
  "min": -3.7279999256134033,
  "mean": 11.16160886332064,
  "variance": 42.067665349947035,
  "periodicity_lag": 1,
  "series_length": 9792,
  "frequency": "h"
}