{
  "max": 163.52,
  "min": -130.09,
  "mean": 32.90078865979381,
  "variance": 221.61612228179578,
  "periodicity_lag": 1,
  "series_length": 11640,
  "frequency": "h"
}