{
  "max": 189.3,
  "min": -2.1,
  "mean": 29.78342150010365,
  "variance": 1609.6414231829563,
  "periodicity_lag": 1,
  "series_length": 19296,
  "frequency": "15min"
}