{
  "max": 184.484508,
  "min": -3.619726,
  "mean": 27.361972149613404,
  "variance": 148.5016455459082,
  "periodicity_lag": 1,
  "series_length": 11640,
  "frequency": "h"
}