{
  "max": 27.24,
  "min": -0.29,
  "mean": 5.041537673229426,
  "variance": 57.585196265756785,
  "periodicity_lag": 1,
  "series_length": 19296,
  "frequency": "15min"
}