{
  "max": 127.65,
  "min": -10.69,
  "mean": 32.08711297250859,
  "variance": 141.2471371483197,
  "periodicity_lag": 1,
  "series_length": 11640,
  "frequency": "h"
}