{
  "max": 21.0554,
  "min": 0.0618,
  "mean": 1.5067771743527507,
  "variance": 3.675201556174985,
  "periodicity_lag": 1,
  "series_length": 9888,
  "frequency": null
}