{
  "max": 448.7,
  "min": -5.0,
  "mean": 35.932713917525774,
  "variance": 399.500190306473,
  "periodicity_lag": 1,
  "series_length": 11640,
  "frequency": "h"
}