{
  "max": 198.29,
  "min": 2.79,
  "mean": 35.218429982817874,
  "variance": 103.51506757155808,
  "periodicity_lag": 1,
  "series_length": 11640,
  "frequency": "h"
}